text,news_link,label,outlet,topic,type,label_opinion,biased_words,uuid,debiased_text,roberta_debiased_prediction,roberta_debiased_label,original_sentiment,original_sentiment_score,debiased_sentiment,debiased_sentiment_score,original_bias_label,original_bias_score,debiased_bias_label,debiased_bias_score
"Indeed, that original NYT report suggested that the management at Trump’s club in New Jersey was well aware of the fact that it employed undocumented immigrants, and it deliberately took steps to obscure the fact that it broke the law – repeatedly, over the course of several years.",http://www.msnbc.com/rachel-maddow-show/trumps-business-purges-many-the-undocumented-immigrants-it-hired?cid=eml_mra_20190205,1,MSNBC,immigration,1,Somewhat factual but also opinionated,[],NHcSfAcYxpi6sKDf3gYQuE,The original NYT report suggests that the management at Trump's club in NJ knew they were employing illegal workers but did nothing about it for many years.,1,left,negative,0.5998043,negative,0.6637836,Biased,0.6168539524078369,Non-biased,0.6000756025314331
"How we treat people at or inside our border certainly deserves attention, but we cannot ignore that many people come to the United States in the first place because our foreign policies—by both Democrats and Republicans—force them to leave their homes in Latin America and elsewhere.",https://www.alternet.org/2020/02/how-u-s-foreign-policy-triggers-crisis-and-immigration/,0,Alternet,immigration,1,Somewhat factual but also opinionated,[],6pMhG6BGGmpukBjLYvS7aj,"The way we treat immigrants is a serious issue, but it's also important not to forget how U.S. policy has forced millions of refugees from Central America into Mexico.",1,left,neutral,0.4779251,negative,0.6395686,Non-biased,0.8638049960136414,Biased,0.9753470420837402
The battle of Portland is just plain crazy — but what else would you expect in Donald Trump’s dystopian America?,https://www.alternet.org/2020/07/the-battle-of-portland-is-just-plain-crazy-but-what-else-would-you-expect-in-donald-trumps-dystopian-america/,1,Alternet,black lives matter,1,Expresses writer’s opinion,"['dystopian', 'crazy']",ak4GUjEPQX4LCZc64iDEVj,"The battle of Portland is a fight between protesters and federal agents that has been going on for several days now. It's unclear who started it or why they are fighting each other; however, both sides seem determined not to back down until one side wins outright victory over another by force if necessary (or at least until someone gets hurt).",0,right,negative,0.8253571,neutral,0.5293953,Biased,0.977656900882721,Biased,0.9211946725845337
"As a perennial litigant, Trump weaponized the law to devastate perceived enemies, to consolidate power, to frustrate opposing parties, as former federal prosecutor and acclaimed author James D. Zirin illuminates in his compelling and disturbing history of Trump’s use and abuse of the law, Plaintiff in Chief: A Portrait of Trump in 3,500 Lawsuits (All Points Books).",https://www.alternet.org/2020/04/sadism-crime-and-a-love-of-lies-what-3500-lawsuits-reveal-about-trumps-true-nature/,1,Alternet,gun control,1,Somewhat factual but also opinionated,"['weaponized', 'abuse', 'disturbing']",JkkkMzPuZpQY2fHJhpuomg,As an ag,0,right,negative,0.6732049,neutral,0.73262215,Biased,0.9452056884765625,Non-biased,0.9096787571907043
"The president insisted his Department of Health and Human Services was running the health care exchange well, and better than the Obama administration had, but claimed the coverage was still bad.",https://feeds.feedblitz.com/~/636639870/0/alternet/,1,Alternet,universal health care,1,Entirely factual,['claimed'],PD4fzPSyAWgHPwKNGHJHQL,"The President said that he believed his department's implementation of the Affordable Care Act was superior to the previous administration's efforts in 2013. However, he also stated that the quality of service provided by this program remained poor despite these improvements.",0,right,negative,0.5166868,neutral,0.5077037,Biased,0.544243335723877,Non-biased,0.5925353765487671
The anti-Trump Republican group took to Twitter with highlights of the president's so-called healthcare plan.,https://feeds.feedblitz.com/~/637445774/0/alternet/,1,Alternet,universal health care,1,Somewhat factual but also opinionated,['so-called'],3ndUmK7rLVg2ygtSfqPJRS,An independent Republican organization posted on social media a summary of President Trump’s proposed changes in U.S. health care policy.,2,center,neutral,0.49477777,neutral,0.899838,Non-biased,0.6866676211357117,Non-biased,0.7918989062309265
"But the skeptics have taken on a brasher, bolder tone in recent months. ",https://www.nbcnews.com/health/health-news/vaccine-skeptic-message-gets-stronger-bolder-n803791,1,MSNBC,vaccines,1,Expresses writer’s opinion,"['brasher', 'bolder']",yT3MQfTmFzw3quKyY48Bmk,The skepticism of some has become more bold over time.,1,left,neutral,0.78935474,neutral,0.67177105,Biased,0.9929459691047668,Non-biased,0.6460402011871338
Fox News has gone so deep into white nationalism that Donald Trump now believes it’s how he’ll win in 2020,https://www.alternet.org/2019/07/fox-news-has-gone-so-deep-into-white-nationalism-that-donald-trump-now-believes-its-how-hell-win-in-2020/,1,Alternet,white-nationalism,1,Expresses writer’s opinion,"['white', 'nationalism']",8xogFhLFjPGC23Da8XDrFe,The Fox news channel is a conservative media outlet which has been accused of being biased towards republican candidates for president. In recent years they've become more extreme with their coverage of politics and are seen as having an increasingly negative impact on society by some people due to this change in direction from what was once considered mainstream journalistic standards before then becoming known,0,right,negative,0.47296038,negative,0.8521857,Biased,0.5051839351654053,Non-biased,0.5102103352546692
The specter of “abortion regret” has been used by lawmakers and judges alike to impose or uphold rules making it harder for people to get abortions.,https://www.alternet.org/2020/01/debunking-the-abortion-regret-narrative-data-shows-women-99-percent-of-women-feel-relief-over-their-decision/,1,Alternet,abortion,1,Somewhat factual but also opinionated,[],aHoMapZgHCq3fPasTaEtMU,"There is a belief that many women who receive an abortion will later feel ""regret."" This idea was used as justification in some laws restricting access to abortion services.",1,left,negative,0.6860038,negative,0.56787354,Non-biased,0.7218416333198547,Biased,0.628314197063446
"Since then, CTE has expanded from football to raise red flags around a myriad of other sports including soccer, rugby, horse racing, bull-riding, skiing/snowboarding, hockey, and wrestling.",https://www.foxnews.com/health/hype-or-horror-the-risk-of-cte-brain-disease-divides-football-and-medical-communities?utm_source=feedburner&utm_medium=feed&utm_campaign=Feed%3A%20foxnews%2Fhealth%20%28Internal%20-%20Health%20-%20Text%29,0,Fox News,sport,0,Entirely factual,[],W4fsCTNrfKHhyCHMeKTC8Z,CTE is an expanding concern in many different sports.,0,right,neutral,0.6247686,neutral,0.74571455,Non-biased,0.964651882648468,Biased,0.8839656710624695
"During a rare public address last week, the former president appeared to challenge Trumpism while urging U.S. voters to resist detractors of American democracy",https://www.politico.com/story/2017/10/23/bannon-bush-mccain-speeches-pablum-244083,1,Breitbart,trump-presidency,0,Somewhat factual but also opinionated,['Trumpism'],ne2BuYs69rcmyKt4xkxbTz,The former President made an unusual speech in which he criticized Donald Trump's supporters for undermining US Democracy,0,right,neutral,0.6950935,negative,0.49353853,Non-biased,0.8243870139122009,Biased,0.7551525235176086
"The Jerusalem Post reports: Nearly 50% of Palestinians living in Gaza believe the best means of ending the occupation is through armed conflict, according to a report released Monday by the Palestinian Center for Policy and Survey Research (PSR).",https://www.breitbart.com/middle-east/2019/07/09/survey-nearly-50-of-gazans-support-armed-conflict/?utm_source=feedburner&utm_medium=feed&utm_campaign=Feed%3A+breitbart+%28Breitbart+News%29,0,Breitbart,international-politics-and-world-news,0,Entirely factual,[],WZpESRuKuxjGWX4iFyPzNt,The [Jerusalem] Post reports that nearly half of all Palestinians who live in Gaza believe that the best way to end their country's military occupation would be with violence against Israelis.,0,right,neutral,0.79405963,negative,0.5224624,Non-biased,0.7459226846694946,Non-biased,0.7238853573799133
President Trump was “impeached forever” as Nancy Pelosi so childishly put it.,http://feedproxy.google.com/~r/breitbart/~3/oHB3JpTmros/,1,Breitbart,taxes,0,Somewhat factual but also opinionated,['childishly'],WWS8f6gHfacAKTMg6SoXEp,The impeachment of President Donald J. Trump is a historical event that will not define him or his legacy in America’s history books.,1,left,negative,0.6865141,negative,0.70348144,Biased,0.9701083898544312,Non-biased,0.6216526627540588
"It's not clear at how or why Mary Trump could have broken the law, as the president claimed, when she turned over records of her family's taxes in her possession to the New York Times.",https://feeds.feedblitz.com/~/630695692/0/alternet_all~Trump-lets-loose-a-fiery-outburst-at-his-niece-Mary-Trump-in-a-Twitter-tirade/,1,Alternet,taxes,1,Entirely factual,['claimed'],cC6RszRoaYkPfdUnRzvtpx,The question is unclear about whether it was legal for Mary Trump to turn over documents with information on her father’s finances to a newspaper.,2,center,negative,0.58747405,neutral,0.6028322,Non-biased,0.5369465351104736,Non-biased,0.5856372117996216
"The night before the rant, the Jesus Is King rapper continued his crusade against abortion, gun control, and pornography.",http://feedproxy.google.com/~r/breitbart/~3/r1zAotDleBY/,1,Breitbart,gun control,0,Expresses writer’s opinion,['crusade'],RyUrEdk5oPFPem2QS6nxup,"The night before the rant, Kanye West continued his crusade against abortion, gun control, and pornography.",0,right,neutral,0.7897993,neutral,0.5455306,Biased,0.8903104066848755,Biased,0.7038301825523376
"Jurek, a Sanders staffer in Iowa, was caught arguing that gulags were beneficial for the Soviet Union and suggesting they could be used to re-educate both Trump voters and billionaires.",https://www.breitbart.com/2020-election/2020/01/21/project-veritas-bernie-sanders-campaigner-says-guillotine-the-rich/?utm_source=feedburner&utm_medium=feed&utm_campaign=Feed%3A+breitbart+%28Breitbart+News%29,1,Breitbart,middle-class,0,Entirely factual,"['was', 'caught']",fatHtn3SD57wxBWTyBR4FM,"A staff member of Bernie Sanders' campaign in Iowa has been criticized after making comments about Gulag camps being useful for the former USSR and how it might help with ""re-education"" of people who voted for Donald Trump or are rich.",0,right,neutral,0.5682787,negative,0.52548236,Biased,0.563772976398468,Non-biased,0.5855051875114441
"Also, Biden told a New Hampshire audience in February that PLCAA gave gun makers “a loophole that does not allow them to be sued for the carnage they are creating,” Breitbart News reported.",http://feedproxy.google.com/~r/breitbart/~3/uAUf57Wb9sk/,0,Breitbart,gun control,0,Entirely factual,[],dSNhmcL8Bs9yiTnPn8QqrX,"The Biden administration has been criticized by some groups as being too biased against guns. In 2019, President Trump signed an executive order directing federal agencies to review their regulations on firearms and ammunition under the Obama Administration",0,right,neutral,0.4985376,neutral,0.6350914,Biased,0.9587647914886475,Non-biased,0.6888534426689148
"But the new restrictions on H-2A visas could leave West Coast farmers in the lurch just as they are preparing to harvest lettuce, cabbage, broccoli, celery and strawberries, said Dave Puglia, president and CEO of the Western Growers Association.",https://www.nbcnews.com/news/us-news/u-s-restricts-visas-farmworkers-raising-concerns-about-food-supply-n1164216?cid=public-rss_20200319,0,MSNBC,immigration,1,Entirely factual,[],sViwsefXRe8VfgRFMkVV5N,The new restrictions on H-2A visas may affect California's agriculture industry at a time when it is getting ready for the seasonal produce harvests.,0,right,negative,0.5398895,neutral,0.50498796,Non-biased,0.9132885932922363,Non-biased,0.7541522979736328
"But while they have claimed that Obamacare is a burden for the country, there's a good reason why they haven't had enough political will to tear it down through Congress.",https://www.alternet.org/2020/09/paul-krugman-explains-how-the-gop-has-been-wrong-every-step-of-the-way-on-obamacare/,1,Alternet,universal health care,1,Somewhat factual but also opinionated,['claimed'],xmJaNQwj6DdFX4os4rLHm2,"While Republicans claim that ObamaCare has been bad for America, their lack of political will in Congress shows otherwise.",0,right,negative,0.6373061,negative,0.85712814,Non-biased,0.5940069556236267,Biased,0.9571990370750427
"Now Modi has made international headlines for yet another similarity: He’s constructing a massive wall … but unlike Trump’s goal of keeping immigrants out, Modi’s wall was built to hide the country’s poverty from the gold-plated American president.",https://www.alternet.org/2020/02/india-builds-a-wall-to-hide-its-poor-people-days-before-trumps-visit/,1,Alternet,international-politics-and-world-news,1,No agreement,['gold-plated'],n4zYh9gPRDk7rQ4XiBGpMM,"Modi is making news internationally by building walls that are different than those being constructed in America. In India's case, they were not intended to keep people out; instead, they were meant to conceal the nation",0,right,negative,0.48526803,negative,0.53648067,Biased,0.9836310148239136,Biased,0.9673059582710266
"In Heller, the Supreme Court struck down a ban on handgun possession in the nation’s capital, ruling for the first time that the Second Amendment protects an individual right to gun ownership.",https://www.alternet.org/2020/04/the-supreme-court-is-poised-to-extend-gun-rights-at-the-worst-possible-time/,0,Alternet,gun control,1,Entirely factual,[],eGBxPDFQVVgQSNZVx8Pft2,The U.S. Supreme Court ruled in Heller v District of Columbia (2008) that the second amendment provides individuals with the constitutional right to own guns.,2,center,neutral,0.8385837,neutral,0.91491455,Non-biased,0.5752246379852295,Non-biased,0.8514295220375061
"Despite Portman’s insistence that she has tried to advance female directors, only one of her feature films was directed by a female.",https://www.breitbart.com/entertainment/2020/02/13/natalie-portman-admits-shes-only-made-a-few-films-with-women-after-calling-out-hollywood-sexism/?utm_source=feedburner&utm_medium=feed&utm_campaign=Feed%3A+breitbart+%28Breitbart+News%29,0,Breitbart,gender,0,Entirely factual,[],ibthen93TVcdygcZTncbwk,Portman's claims about advancing women in film are not supported by facts. She had only one woman director for all her movies.,0,right,neutral,0.8327001,neutral,0.5041813,Biased,0.7286211848258972,Biased,0.9944503307342529
"Should China be the first country to develop an effective vaccine, dictator Xi Jinping has promised to provide the world with “free” coronavirus vaccines paid for by Beijing. ",https://www.breitbart.com/national-security/2020/06/30/china-tstart-injecting-soldiers-experimental-coronavirus-vaccine/?utm_source=feedburner&utm_medium=feed&utm_campaign=Feed%3A+breitbart+%28Breitbart+News%29,1,Breitbart,vaccines,0,Somewhat factual but also opinionated,['dictator'],QL9M9x5phEVuCs4N6hFL7a,China is developing a COVID19 vaccine that could help save lives around the globe if it proves successful in clinical trials.,2,center,neutral,0.6490181,positive,0.9326539,Biased,0.5909836888313293,Non-biased,0.5304638743400574
"It was not stingy family leave policies that had this baby killed, it was the child’s mother, encouraged and enabled by a culture and legal regime that regard babies as a capstone consumer commodity to be ordered up when convenient, and violently disposed of when inconvenient.",https://thefederalist.com/2020/03/11/woman-who-killed-baby-over-maternity-leave-proves-welfare-wont-fix-abortion/?fbclid=IwAR2SBE3O9KtpsqJvMCIeSlk4Zeqn3oexJevVoXUhDpKszW_VHrTEMBiewaw,1,Federalist,abortion,0,Expresses writer’s opinion,"['stingy', 'capstone', 'violently']",ZzDbLppvXory5xDypmwHtK,"The death of an infant is not caused solely by insufficient maternity or paternity benefits; rather, it results from cultural norms which devalue children in favor of adult convenience.",1,left,negative,0.8661487,negative,0.9104945,Biased,0.9952282905578613,Biased,0.6702062487602234
There's a dollop of cream on top of the shit sandwich that is the Trump-backed lawsuit in front of the Supreme Court to overturn the Affordable Care Act (ACA). ,https://www.alternet.org/2020/07/of-course-theres-a-massive-tax-cut-for-the-super-rich-included-in-trumps-obamacare-lawsuit/,1,Alternet,universal health care,1,Expresses writer’s opinion,"['shit', 'sandwich']",4b3jGga7XEYnZ6tFVHQi6t,"The Trump-backed lawsuit in front of the Supreme Court to overturn the ACA has been criticized by many as being a ""dollop"" of cream on top of what some consider an unappetizing meal.",2,center,negative,0.8136951,negative,0.7482262,Non-biased,0.7077533602714539,Non-biased,0.8420782685279846
But the British Government — and this one’s Conservative; imagine what a Labour one would be like! — is so wedded to green ideology and so nervous of the well-funded anti-fracking campaign industry that it has imposed such extreme precautionary principles on shale gas exploration that the fracking industry has effectively been strangled at birth with red tape.,https://www.breitbart.com/europe/2019/02/17/britains-richest-businessman-does-a-john-galt/?utm_source=feedburner&utm_medium=feed&utm_campaign=Feed%3A+breitbart+%28Breitbart+News%29,1,Breitbart,middle-class,0,Expresses writer’s opinion,"['wedded', 'strangled', 'at', 'birth', 'green', 'ideology']",CAhG5dNtfGzvWJjkMCCt7Z,The UK government (Conservatives) are imposing strict regulations for shale oil extraction due to,0,right,negative,0.74144816,neutral,0.657756,Biased,0.975519597530365,Non-biased,0.6506052017211914
Most are fleeing endemic poverty and increasing rates of gang violence.,https://www.foxnews.com/world/caravan-migrants-cross-mexico-river-throw-rocks-at-countrys-national-guard?utm_source=feedburner&utm_medium=feed&utm_campaign=Feed%3A%20foxnews%2Fworld%20%28Internal%20-%20World%20Latest%20-%20Text%29,0,Fox News,immigration,0,Entirely factual,[],GHgqyyDbXfGDvWV6WFTcHa,The majority of people who leave their home countries do so because they want a better life for themselves or their families. They may also seek refuge from war or persecution in another country.,0,right,negative,0.75043607,neutral,0.59493595,Non-biased,0.8212319612503052,Biased,0.6097427606582642
"During a speech to Young America’s Foundation’s 41st annual National Conservative Student Conference, Hawley slammed the “reigning consensus” of Washington, D.C.’s ruling class that asserts free trade and endless immigration are vital to meet the needs of corporate leaders, the business lobby, and the donor class while ignoring its impact on middle-class Americans.",https://www.breitbart.com/politics/2019/08/03/watch-josh-hawley-elite-consensus-for-open-markets-open-borders-disregards-american-middle-class/?utm_source=feedburner&utm_medium=feed&utm_campaign=Feed%3A+breitbart+%28Breitbart+News%29,1,Breitbart,middle-class,0,Somewhat factual but also opinionated,"['slammed', 'endless']",h8hAiQEMvEQZjKoT2rH9Ai,"During his speech at YAF's 2023 conference,",0,right,negative,0.51772565,neutral,0.8778857,Biased,0.9881405830383301,Biased,0.7604257464408875
"Oh, and Azar put on his best hyper-partisan hat to assure America that if the Trump administration and his Republican Party succeed in convincing the Supreme Court to wipe ""Obamacare"" from the books, then for sure, this time, then present a Republican plan to ""protect those with preexisting conditions"" with new legislation that hasn't been written, that Azar would not describe, with ""exact details"" that do not yet exist.",https://feeds.feedblitz.com/~/629109976/0/alternet_all~Trump-officials-take-to-Sunday-shows-to-dodge-and-deflect-pandemic-responsibility/,1,Alternet,universal health care,1,No agreement,"['hyper-partisan', 'hat']",uUU3Tg2w43XP75puceyUXh,nan,0,right,neutral,0.56287104,neutral,0.5281885,Biased,0.9025901556015015,Non-biased,0.8726896643638611
Hawaii eyes even stricter gun laws in wake of shooting that killed 2 police officers,https://www.foxnews.com/us/hawaii-eyes-even-stricter-gun-laws-in-wake-of-shooting-that-killed-2-police-officers,0,Federalist,gun-control,0,Entirely factual,[],83YSTdGe8aoTAz8gAq6e5D,The state of Hawaii is considering tighter restrictions on firearms after two police officers were shot dead by a man who had been released from prison earlier this month.,2,center,negative,0.74196965,negative,0.6179736,Non-biased,0.6324952244758606,Non-biased,0.7468534708023071
The number of April background checks to purchase a firearm showed Americans flocking to gun stores in high numbers for the second month in a row amid worries about the coronavirus pandemic.,https://www.huffpost.com/entry/guns-background-checks-april-coronavirus_n_5eb182a7c5b6cfa72e2389d3,1,HuffPost,gun-control,1,Somewhat factual but also opinionated,['flocking'],Y25MdZ4X5Rochsq7s4YaRr,Americans are buying more guns as they worry over COVID-19.,1,left,neutral,0.5116229,negative,0.71433216,Biased,0.9869847893714905,Non-biased,0.584575355052948
"Democracy probably cannot survive, after all, if one of our two major political parties is indifferent to its fate.",https://www.alternet.org/2019/07/how-far-will-republicans-go-to-destroy-democracy/#.XSY6699P5zg.twitter,1,Alternet,gun-control,1,Expresses writer’s opinion,[],qKN3U57kDhQ8WYZqjL3Kwh,It seems that democracies can not last long when there are no interest in their preservation by both sides.,0,right,negative,0.89785856,negative,0.85617644,Non-biased,0.929260790348053,Biased,0.9941391944885254
"Despite Democrats regularly characterizing America as socially pathologized with anti-woman “sexism” and “misogyny” — where women face greater cultural, economic, political, and social adversities relative to men — Warren framed her sex as a political asset in comparison to her male competitors for the Democrats’ presidential nomination to defeat President Donald Trump in November’s general election.",https://www.breitbart.com/politics/2020/01/14/elizabeth-warren-bernie-is-my-friend-but-hes-a-sexist/?utm_source=feedburner&utm_medium=feed&utm_campaign=Feed%3A+breitbart+%28Breitbart+News%29,1,Breitbart,gender,0,Somewhat factual but also opinionated,[],zSH7PXpdEFGapE3erTVzLX,"Democratic candidates frequently describe American society as being plagued by ""sexism""",0,right,negative,0.60759526,negative,0.753579,Biased,0.9896246790885925,Biased,0.9463987946510315
"Given the potential enormous risks of destabilizing the region, the Trump administration needed a strong justification for launching the strike that killed revered Iranian military leader Qassim Suleimani.",https://www.alternet.org/2020/01/mike-pompeo-admits-on-live-tv-there-was-no-threat-to-the-american-homeland-from-suleimani/#.Xg9V0uTlKA4.facebook,1,Alternet,international-politics-and-world-news,1,Somewhat factual but also opinionated,[],xzLFbZUbW5aDscJTCN8NGd,The Trump Administration's decision to kill General Qasem Soleimani was not based on sound reasoning or evidence.,1,left,negative,0.6826865,negative,0.77908343,Non-biased,0.7296384572982788,Non-biased,0.9042924046516418
"The Bezos Earth Fund may help shepherd along some new technologies, but billionaire philanthropy will not alter the regulatory structure that created the problem in the first place.",https://www.nbcnews.com/think/opinion/jeff-bezos-climate-change-philanthropy-has-quite-few-hidden-strings-ncna1143791?cid=public-rss_20200228,1,MSNBC,environment,1,Expresses writer’s opinion,[],ruXwxhaEh5Rm3PNxDCtTWd,"Billionaire philanthropies like Jeff Bezos's Earth Fund could play a role in helping bring about change for climate tech, but they won’t solve the underlying problems of our broken energy system.",1,left,neutral,0.58902276,neutral,0.43882188,Biased,0.990856945514679,Biased,0.9870166182518005
"President Donald Trump said Monday that he is looking at a possible payroll tax cut, along with other measures, to help American workers and boost the economy, which has been hit hard by the coronavirus outbreak.",https://www.nbcnews.com/politics/donald-trump/trump-proposes-payroll-tax-cut-other-measures-offset-coronavirus-economic-n1153691?cid=public-rss_20200310,0,MSNBC,middle-class,1,Entirely factual,[],XtCg3zyLTebZkBssxTcugX,The president of United States announced on Monday his intention to reduce the salary tax for employees in order to support them during this difficult time caused by COVID19 pandemic.,0,right,neutral,0.514938,neutral,0.67766035,Non-biased,0.7314632534980774,Biased,0.5583716034889221
Lots of politicians and critics across the board have attacked the Green New Deal proposed last week by freshman Democrats Rep. Alexandria Ocasio-Cortez of New York and Sen. Ed Markey of Massachusetts.,https://www.alternet.org/2019/02/the-republicans-dumbest-idea-yet/,1,Alternet,environment,1,Entirely factual,[],TjpANLmVarBzMXtzPMkiwq,Many politicians and commentators from both sides of the aisle criticized the Green New Deal proposal released last week by Representatives Alexandria Ocasio-Cortez (D-NY) and Edward J. Markey (D-MA).,0,right,negative,0.5848078,negative,0.6155234,Biased,0.5839714407920837,Non-biased,0.921683669090271
The sharp reductions documented in carbon emissions and air pollution caused by coronavirus-related lockdowns have offered a sort of preview of the kind of improvements that can be made when drastic action is taken.,https://www.nbcnews.com/science/environment/coronavirus-lockdowns-have-sent-pollution-plummeting-environmentalists-worry-about-what-n1178326?cid=public-rss_20200407,0,MSNBC,environment,1,Entirely factual,[],HbS9jdguPxyhmuV7Ttgf6W,Sharp decreases in greenhouse gas emissions and other forms of air pollutants due to COVID-19 related shut downs provide an example of what could happen if we take more aggressive measures against climate change.,1,left,neutral,0.48989946,neutral,0.5723169,Non-biased,0.6252532005310059,Biased,0.8754222989082336
"This is how Warren has pushed the boundaries of progressive policy since coming to Washington. Instead of relying on the traditional D.C. think tank world, she made her office into her very own think tank.",https://www.huffpost.com/entry/elizabeth-warren-has-a-plan-for-that_n_5d279e9ee4b0060b11e9a22e,1,HuffPost,student-debt,1,Entirely factual,[],AfuFvZXj76N5kdU3eDsm5d,This is how Warren has pushed the boundaries of progressive policy by using her position in Congress as a platform for research and advocacy. She has not relied solely on established institutions but rather created an independent body that can provide new perspectives and ideas.,0,right,neutral,0.5588724,positive,0.6414656,Biased,0.9874866008758545,Biased,0.8551477789878845
"Coach Guerrier adds that the referee’s continued mid-game scrutiny ultimately made “a spectacle” of her daughter, and that he continued to insist that something would have to be done as the child grows up and continues to compete in the sport.",https://www.alternet.org/2019/01/virginia-basketball-ref-under-investigation-for-critiquing-a-black-10-year-olds-hair-mid-game/,0,Alternet,sport,1,Entirely factual,[],HuxpSP7NfSbkMJ3YqKWbom,"The coach said that the referee's continued mid-game scrutiny ""made a spectacle"" out of his or her daughter, and that he or she had been told repeatedly by the official that something must be done about it if",1,left,neutral,0.7507692,neutral,0.6261089,Biased,0.5298790335655212,Biased,0.5310292840003967
"Former Australia Prime Minister Kevin Rudd ripped Donald Trump’s botched handling of the coronavirus pandemic in a new op-ed, describing the U.S. president as a “quack apothecary” for hyping unproven cures",https://www.huffpost.com/entry/kevin-rudd-donald-trump-coronavirus-handling_n_5eb3d30dc5b6526942a266d1,1,HuffPost,trump-presidency,1,Somewhat factual but also opinionated,"['ripped', 'botched']",SxFFNL8GR44tD4gU3Dwdcg,"Former Australian prime minister Kevin Rudd criticized President Trump's mismanagement of the COVID-19 crisis by calling him an ""unqualified quack"" who was promoting false treatments that were not backed up with scientific",1,left,negative,0.79114175,negative,0.8544458,Biased,0.9952352643013,Biased,0.9942428469657898
"Tuesday on Hill.TV, 2020 Democratic presidential candidate Marianne Williamson declared President Donald Trump has become a “megaphone” for white nationalism.",https://www.breitbart.com/clips/2019/07/30/marianne-williamson-trump-is-a-megaphone-for-white-nationalism-in-the-united-states/,0,Breitbart,white-nationalism,0,Somewhat factual but also opinionated,[],h7kuhwyjknoDND9uC56DB9,"On Tuesday, Democrat presidential hopeful Marianne Williamson said that US President Donald Trump had become a megaphone for white supremacists.",1,left,neutral,0.62435913,negative,0.7629926,Non-biased,0.5602015256881714,Biased,0.6964343190193176
"Extremists on the far right are deeply troubled by the name Black Lives Matter, viewing it as an assertion that white lives don’t matter — which, of course, it isn’t.",https://www.alternet.org/2020/06/historian-explains-the-bizarre-racist-theory-behind-the-far-rights-hysteria-over-the-george-floyd-protests/,1,Alternet,black lives matter,1,Expresses writer’s opinion,['assertion'],CNWuE7FonsPTBW66LTJkrV,"The phrase ""Black Lives Matter"" is not a statement about whether or not other people's lives also matter; rather, it refers specifically to black Americans who face disproportionate violence at the hands of police officers in this country.",0,right,negative,0.79994273,negative,0.75491405,Biased,0.6556820869445801,Biased,0.9876605272293091
"The Obama-era memoranda directed the FSA to shift its focus from collecting student debt to assisting student borrowers in debt management, even to the extent of allowing them to default on their loans. ",https://www.breitbart.com/politics/2017/04/12/ed-secretary-betsy-devos-rolls-back-obama-protections-for-student-loan-defaulters/,0,Breitbart,student-debt,0,Entirely factual,[],BquFm6TKnCgjr9zgjC23GH,"The Obama administration's memorandum instructed the Federal Student Aid (FSA) office to change its priorities away from loan collection towards helping students manage their debts, including letting some go into default.",0,right,neutral,0.6120487,neutral,0.63216174,Non-biased,0.9242220520973206,Biased,0.7144773602485657
"As dear leader Mitch McConnell (R-Ky.) is fond of saying, “winners make policy, losers go home.” And yet unfortunately, Republicans in the Senate refuse to take the phrase to heart. Which is a real shame. We are just under 280 days into the Trump presidency, yet beyond nominations, Congress has made almost no progress passing the agenda America elected them to enact.",https://thehill.com/opinion/white-house/357585-losers-gonna-flake-because-winners-make-policy-and-whiners-go-home,1,Breitbart,trump-presidency,0,Expresses writer’s opinion,"['shame', 'dear']",EvctyqDKRKMVHmcq3kM7o8,As Republican Majority Leader Mitch McConnell (R-KY) is,0,right,negative,0.8395245,neutral,0.9400331,Biased,0.9313766956329346,Biased,0.9885438084602356
"There can be no serious discussion of this issue, however, in 60-second sound bites. So, beyond the soak-the-rich shtick that shades every Democratic economic debate point, the candidates resorted to two tactics: shock and sob stories.",https://thefederalist.com/2019/08/15/student-debt-willingly-took-not-problem-solve/,1,Federalist,student-debt,0,Expresses writer’s opinion,"['soak-the-rich', 'shtick', 'shock', 'sob', 'stories']",Pu6BX5HAt6xfCcQywkAyhM,"There is no room for a serious discussion on this topic within the time constraints imposed by television networks. Instead, Democrats resort to two strategies: using scare tactics (“soaking”) or emotional appeals (",0,right,negative,0.81636006,negative,0.8148675,Biased,0.628587007522583,Biased,0.8512121438980103
Further biased editing on the page included a section on “reports of extremist activities” focusing on largely dubious claims of “far-right” involvement in violence and rioting.,http://feedproxy.google.com/~r/breitbart/~3/JEzbJwSAFXk/,1,Breitbart,black lives matter,0,Somewhat factual but also opinionated,"['dubious', 'claims', 'largely']",ouNaUzrvPDAkjPScboMbqR,"The article further contained a section that focused on reports of ""extremism"" including allegations of far right involvment in violent protests.",0,right,negative,0.7335212,negative,0.5192144,Non-biased,0.9270869493484497,Biased,0.8006715178489685
"It's perverse that any other governor would follow Abbott's lead, for he presides over a health care disaster.",https://feeds.feedblitz.com/~/629240450/0/alternet_all~The-GOP%e2%80%99s-grotesque-plan-to-cope-with-COVID/,1,Alternet,universal health care,1,Expresses writer’s opinion,"['perverse', 'disaster']",PXiQFzcHqvYPtVrwyAsuC5,The Texas Governor has been criticized by many for his handling of COVID 19 pandemic in the state.,0,right,negative,0.8871012,negative,0.8393336,Non-biased,0.6166872382164001,Non-biased,0.7782039046287537
"They gobble down internet conspiracy theories like QAnon, which creates engagement with right-wing politics for those who aren't religious conservatives or business elites. ",https://www.alternet.org/2020/11/qanon-trump/,1,Alternet,gun control,1,Expresses writer’s opinion,"['gobble', 'down']",mYGzWconxpvKb4MCw4sqXB,People are drawn towards online conspiracies such as QAnon because they provide a sense of community and belonging that is lacking in other areas of their lives. This can lead them to become more politically engaged and supportive of right-wing causes.,0,right,negative,0.5273786,neutral,0.56471795,Biased,0.6043882369995117,Biased,0.9888463616371155
"Democrat Stacey Abrams, who lost the 2018 gubernatorial election in Georgia and now runs a voters right organization, praised South Korea’s recent vote-by-mail election at the hearing.",https://www.breitbart.com/politics/2020/06/03/fitton-true-voter-suppression-is-telling-americans-they-may-die-from-coronavirus-if-they-vote-in-person/,0,Breitbart,elections-2020,0,Entirely factual,[],hKK9g6zFmzUdZu9iyzEHqQ,"Stacey Abrams, Democrat from Georgia, lauded South Korean elections that were conducted by mail during her testimony before Congress on Wednesday.",0,right,neutral,0.64220375,positive,0.64276534,Non-biased,0.9340522885322571,Non-biased,0.7297884821891785
"White House Press Secretary Kayleigh McEnany voiced tepid support for Defense Secretary Mark Esper, after he stated Wednesday that he did not support invoking the Insurrection Act, which would allow active-duty troops to act in domestic law enforcement roles.",https://www.breitbart.com/politics/2020/06/03/white-house-press-secretary-as-of-right-now-secretary-esper-is-still-secretary-esper/,1,Breitbart,elections-2020,0,Somewhat factual but also opinionated,['tepid'],fRbMwrhtDFv4grvtvCviaK,The White House's press secretary expressed her mild approval of defense secretary Mark Esper on Wednesday when he said he didn’t back using federal military forces against protesters.,0,right,neutral,0.7563141,neutral,0.57385147,Non-biased,0.675848662853241,Biased,0.6551409959793091
Proponents of these vaccines twist the Vatican’s words to sound like approval: The use of such vaccines...,https://thefederalist.com/2020/05/06/as-long-as-vaccines-are-tied-to-abortion-christians-need-exemptions/,1,Federalist,vaccines,0,Expresses writer’s opinion,[],yY9WaPhjs5qe6yswR2nXwc,The proponents of those vaccinations twisted the Vatican's words in order to make it seem as if they were approved by them.,0,right,negative,0.52979434,neutral,0.5844997,Biased,0.7923199534416199,Non-biased,0.5032420754432678
It’s a mafia state. There’s no control. There’s no regulation. The system is full of legalized bribery. The electoral process is corrupt as well. The courts are stacked with right-wing ideologues.,https://www.alternet.org/2020/07/gangster-capitalist-trump-is-running-a-mafia-state-and-things-are-about-to-get-worse-pulitzer-prize-winning-journalist/,1,Alternet,black lives matter,1,Expresses writer’s opinion,"['mafia', 'state']",oUugfyRJZHip4PpHCFo6Lf,The government has been accused by some critics for being too lax in controlling organized crime groups that operate within the country. Some politicians also criticize the lack of transparency in the election processes which they say allows illegal campaign contributions from,0,right,negative,0.94513416,negative,0.82481736,Biased,0.5346651673316956,Non-biased,0.7692220211029053
"After winning his 15th major championship, the legendary golfer Tiger Woods got a chance to laugh at all who doubted him.",https://www.huffpost.com/entry/tiger-woods-masters-win-fan-reaction_n_5cb4c342e4b0ffefe3b4c801,1,HuffPost,sport,1,Expresses writer’s opinion,[],HuAMgyfrdqptfRMmLjDqx5,The golf champion Tiger Woods won his fifteenth major title after years of being criticized for not performing well in tournaments.,2,center,positive,0.64722246,neutral,0.6836749,Non-biased,0.6365405917167664,Non-biased,0.8853092789649963
"In practice, the U.S. quietly provides health care to at least ten million illegal migrants who are in the United States, while also erecting tough physical and legal barriers to the arrival of yet more illegal aliens.",http://feedproxy.google.com/~r/breitbart/~3/fa62T5_8tMY/,1,Breitbart,universal health care,0,Entirely factual,"['illegal', 'aliens']",jYuQJKDMuQcW9qdx8GXJ3H,The US government has been providing medical services for undocumented immigrants since 1987. This is a controversial issue because some people believe that it encourages further migration into America from Mexico and other countries with high rates of poverty or violence.,0,right,neutral,0.5871217,negative,0.6794228,Non-biased,0.6908941268920898,Non-biased,0.7374157309532166
"In these times of left-wing mobs filling the streets, assaulting civilians and police officers, destroying property with apparent impunity, flagrantly defying coronavirus social distancing rules, and even seceding from the Union, one of the few consolations for conservatives is the notion that gun rights appear to be safe for a generation to come. ",http://feedproxy.google.com/~r/breitbart/~3/MBTkPPu9uSo/,1,Breitbart,gun control,0,Somewhat factual but also opinionated,"['mobs', 'flagrantly', 'impunity', 'left-wing', 'apparent']",8ufV9hkiazEarwuraX4ghe,"In these times when left-wing mobs are attacking people in the street, violating COVID-19 restrictions by gather",0,right,negative,0.8294497,negative,0.9322168,Biased,0.8738557696342468,Biased,0.8400201201438904
"After tremendous pressure on the Department of Homeland Security, Miller is advancing his agenda of not just blocking migrants from entering the country illegally, but making life in the U.S. so unbearable for legal immigrants that they leave the country.",https://www.alternet.org/2019/08/top-trump-white-nationalist-stephen-miller-just-won-a-major-battle-against-legal-immigrants/,1,Alternet,immigration,1,Somewhat factual but also opinionated,"['tremendous', 'unbearable']",pELkYvkL55kHKmkAspPvxg,The United States government has been pressured by many groups into taking a more restrictive stance against illegal migration. This policy change will make it harder for people who are legally allowed to enter the US to do so as well,0,right,negative,0.7812187,negative,0.63896704,Non-biased,0.5937686562538147,Biased,0.6372150778770447
"An illegal alien has been charged with enticing a 13-year-old girl through social media and raping her in Madison County, Alabama.",https://www.breitbart.com/politics/2020/02/03/illegal-alien-charged-with-enticing-raping-13-year-old-girl-in-alabama/?utm_source=feedburner&utm_medium=feed&utm_campaign=Feed%3A+breitbart+%28Breitbart+News%29,1,Breitbart,immigration,0,Entirely factual,"['illegal', 'alien']",NWCWAdz3ETDHd5qCGwjQAS,"A person who is not legally allowed into or remain within a country illegally was arrested for using an online platform to lure a minor and then sexually assault them in Madison county, Alabama.",0,right,negative,0.88445956,negative,0.93499607,Biased,0.6249715685844421,Non-biased,0.6388893127441406
"Of course, social distancing will be inconceivable for football players and the results all too predictable in a world in which Covid-19 is likely to hang around for a long, long time. ",https://www.alternet.org/2020/04/why-trump-is-so-eager-to-bring-back-professional-sports/,1,Alternet,sport,1,Somewhat factual but also opinionated,['long'],iM87oV3g4cc2feRNSWNABc,Social distancing may not be possible for professional athletes during games or practices due to their close contact with one another on the field of play. This could lead to an increase in COVID-19 cases among these individuals as well as those who attend sporting events where they are present.,1,left,negative,0.6350682,neutral,0.48710564,Biased,0.9610670208930969,Biased,0.5055023431777954
The legislation ends criminal penalties for self-abortion and – in the case of an unborn baby who is the victim of a homicide – defines “person” as “a human being who has been born and is alive.”,https://www.breitbart.com/politics/2019/01/07/hillary-clinton-joins-ny-gov-andrew-cuomo-in-push-for-very-late-term-abortions/,1,Breitbart,abortion,0,Somewhat factual but also opinionated,[],Cmw5JjuEf8Sq49jdsL4tvN,"Legislators passed a bill that ended criminal penalties for abortions performed on oneself or by another person. It also defined ""human"" as someone who was already born and living.",0,right,neutral,0.535777,neutral,0.74635696,Biased,0.9525133371353149,Biased,0.9506372809410095
"Yet when researchers in the U.S. have been so corrupt they have gone to jail, mainstream scientists still accept their research.",https://www.alternet.org/2017/01/big-pharma-anti-vaccines/,1,Alternet,vaccines,1,Somewhat factual but also opinionated,['mainstream'],6eKcAWJv69vWHEVdvWNwYS,"When researchers in the US are found guilty of scientific misconduct or fraud, other researchers continue to cite them as a source for further study.",0,right,negative,0.8602519,negative,0.5347093,Biased,0.9193003177642822,Non-biased,0.8262628316879272
"Specifically, Republicans–as they have demonstrated for three consecutive legislative days–intend to push for a floor vote against Democrat Speaker Nancy Pelosi’s wishes on a piece of legislation from Rep. Ann Wagner (R-MO) that would ensure babies who are born alive following an abortion attempt are given the same medical treatment and care any other newborn baby would receive.",https://www.breitbart.com/politics/2019/02/08/exclusive-house-gop-plans-sustained-effort-to-expose-leftist-democrats-on-abortion/amp/?__twitter_impression=true,1,Breitbart,abortion,0,Entirely factual,[],TyTiQjhW8s4w9mZtx8abWm,The Republican Party has voted in favor of ensuring all children born after failed attempts at abortions will get proper,1,left,neutral,0.6678168,neutral,0.71032196,Non-biased,0.9110389351844788,Biased,0.946622371673584
"Everywhere he went on Monday, Trump was greeted by thousands of cheering Indian citizens, troops of traditional dancers and roadways lined with posters and billboards celebrating his visit.",https://www.foxbusiness.com/politics/trumps-india-visit-moves-to-trade-military-talks,0,Fox News,international-politics-and-world-news,0,Entirely factual,[],ajM488fnZo2Jy4VNbBJaMD,Trump's trip to India in February 2020 saw him being welcomed everywhere by large crowds of people who were enthusiastic about meeting their presidential candidate for the first time.,0,right,positive,0.88346,positive,0.97004795,Non-biased,0.5558144450187683,Non-biased,0.7720007300376892
As congressional Republicans unsuccessfully voted to defund the ACA more than 50 times he went on the warpath against an obscure portion of the law meant to safeguard participating insurance companies against crippling financial loss as a result of the new requirement to cover clients with pre-existing conditions.,https://www.alternet.org/2020/04/marco-rubios-final-humiliation-gops-seven-year-campaign-against-key-obama-policy-was-just-terminated-by-the-supreme-court/,1,Alternet,universal health care,1,Somewhat factual but also opinionated,"['warpath', 'obscure', 'crippling']",C7PZJbC7ARTBKv59kWvo9n,Congressional republican efforts to repeal or replace Obamacare failed repeatedly over the years. In response President Trump launched attacks on the Affordable Care Act (AC,1,left,negative,0.66317385,negative,0.8544076,Non-biased,0.5786631107330322,Non-biased,0.6508783102035522
Politicians have no business directing or defining patriotism — especially when their rhetoric sounds like 1950s-era Soviet sloganeering.,https://thefederalist.com/2017/01/24/trumps-national-day-patriotic-creepy/,1,Federalist,white-nationalism,0,Expresses writer’s opinion,['sloganeering'],tvtdHzrrGGceAmBjJcs6gV,Politics has nothing to do with patriotic feelings - especially if politicians' speeches sound like propaganda from the USSR in the '50s.,0,right,negative,0.9072736,negative,0.7851653,Biased,0.6256999373435974,Biased,0.9732910990715027
"This institutionalised incompetence and sclerosis may well explain why Britain has plummeted to the bottom quarter of Organisation for Economic Co-operation and Development (OECD) countries for Covid-19 diagnostic testing, per capita.",http://feedproxy.google.com/~r/breitbart/~3/M1xgKTs6UKg/,1,Breitbart,universal health care,0,Expresses writer’s opinion,"['sclerosis', 'institutionalised', 'incompetence']",TW5nwzX4hSv38F7Eqf6FDz,The UK's low position on OECD rankings for COVID-19 test rates is likely due to a combination of bureaucratic obstacles and poor planning by government officials.,0,right,negative,0.8950757,negative,0.80241555,Biased,0.9826899766921997,Biased,0.6297890543937683
Perhaps that is why both Warren and Sanders have gone out of their way to hammer home the fact that their proposals would only affect the wealthiest Americans.,https://www.foxbusiness.com/money/middle-class-americans-worry-wealth-tax,1,Fox News,middle-class,0,Somewhat factual but also opinionated,[],cr25WWR8MGRZ5CQRu4oUkT,It may explain why both candidates have emphasized how their plans will not impact middle class families.,0,right,neutral,0.5771706,negative,0.5369393,Non-biased,0.81827312707901,Non-biased,0.7892220616340637
"On top of the enormous financial impact, these beauty regimens require these women to take the time out of their busy schedules to attend to their appearances in a way that men in power are spared. ",https://www.alternet.org/2019/10/the-real-scandal-behind-aocs-haircut/,1,Alternet,gender,1,Somewhat factual but also opinionated,['enormous'],Gy4kWhxGQUPytm3Yj4jrno,The economic burden on women is exacerbated by the need for them to spend more time than men do attending to their appearance.,0,right,neutral,0.6335297,negative,0.7852861,Non-biased,0.8768419027328491,Biased,0.5643035769462585
"Sanders praises the radical Green New Deal, champions a Medicare for All plan with a $34 trillion price tag, nods to abortion as a means of population control, and defends bread lines and Fidel Castro’s Cuba. ",https://thefederalist.com/2020/02/24/bernie-sanders-is-crazy-but-the-only-candidate-voters-actually-like/#.XlQSQ7jGNzU.twitter,1,Federalist,abortion,0,Somewhat factual but also opinionated,[],Y3n5W4QsfvrKG7PcmJUYgk,"Bernie Sanders is an American politician who has been serving in Congress since 1987. He was elected mayor of Burlington, Vermont in 2006. In his campaign he advocates for universal healthcare",0,right,neutral,0.5426463,positive,0.7785699,Biased,0.6820458769798279,Non-biased,0.5953773856163025
"Since Roe v. Wade, when the Supreme Court recognized the constitutional right to an abortion, state lawmakers have devised novel ways to cut off access to the procedure without banning it outright. One strategy is to require clinics and doctors to comply with an ever-expanding list of regulations, with the goal of essentially red-taping providers out of business.",https://www.huffpost.com/entry/john-roberts-abortion-supreme-court_n_5e613793c5b601904ea6fd78,1,HuffPost,abortion,1,Somewhat factual but also opinionated,[],jHcmrrvf4vzBKQL6MAGSnc,The U.S. Supreme Court's decision in _Roe_ has resulted in states enacting,1,left,neutral,0.61493665,neutral,0.9313456,Biased,0.9950951337814331,Non-biased,0.6366651058197021
"Democrat presidential candidate Joe Biden urged members of the U.S. Women’s National Soccer team to keep fighting for equal pay, after a judge threw out their lawsuit claiming discrimination.",http://feedproxy.google.com/~r/breitbart/~3/3i1LrhlZg3A/,0,Breitbart,gender,0,Entirely factual,[],pZqqYEvfo2BPSrpptCpLwx,"The Democrat Presidential Candidate Joe Biden urges members of the USWNT to continue fighting for Equal Pay, despite a Judge throwing out their Law Suit allegations that they were being Discriminated against.",0,right,neutral,0.7418687,neutral,0.68009263,Non-biased,0.9075954556465149,Biased,0.5493893027305603
"Despite a pandemic, one-sided presidential nomination contests, and nationwide protests about police violence and racial equality, the primaries were important — and instructive. ",https://www.alternet.org/2020/06/want-candidates-who-will-reach-beyond-their-base-change-how-we-vote/,0,Alternet,elections-2020,1,Somewhat factual but also opinionated,[],mAw8rz7NY4XvgqYCNTwtSG,"The primary elections despite being held in the midst of a global health crisis, partisan politics, and social unrest, still managed to provide valuable insights into how Americans are thinking about their country's future.",1,left,neutral,0.459835,neutral,0.5145841,Non-biased,0.5340800285339355,Non-biased,0.5128995180130005
Officials at Dartmouth College looked the other way this week when a group of leftist student activists disrupted classes to bring attention to their support for the Green New Deal.,https://www.breitbart.com/tech/2020/02/11/dartmouth-officials-allow-green-new-deal-protesters-to-crash-classes/?utm_source=feedburner&utm_medium=feed&utm_campaign=Feed%3A+breitbart+%28Breitbart+News%29,1,Breitbart,environment,0,Somewhat factual but also opinionated,['leftist'],gSkpXRTydVRiiEBqZDjS5K,Dartmouth officials ignored calls from students who wanted them to take action against those protesters who were trying to make classrooms unsafe by interrupting lectures in order to promote an agenda that is not supported by most Americans.,0,right,neutral,0.6501281,negative,0.9144429,Non-biased,0.5256299376487732,Biased,0.5784330368041992
"A professor who teaches climate change classes — a subject some would question as a legitimate area of study — said she has seen students who suffer fear, grief, stress, and anxiety about the future.",https://www.breitbart.com/politics/2019/05/09/professor-climate-change-causes-anxiety-and-trumps-election-makes-it-worse/?utm_source=feedburner&utm_medium=feed&utm_campaign=Feed%3A+breitbart+%28Breitbart+News%29,1,Breitbart,environment,0,No agreement,[],yoMBtRutk2Q7CwgSeHWDLG,A professor teaching on climate change says that her students are suffering from fears for their futures.,0,right,negative,0.70317644,negative,0.8694989,Non-biased,0.8791373372077942,Non-biased,0.606115460395813
"Polling throughout the Democratic primary showed Sanders triumphing with young voters by massive margins, and early polling in the general election has shown Biden running weaker with younger voters than past Democratic nominees.",https://www.huffpost.com/entry/joe-biden-left-bernie-sanders-medicare-college-debt_n_5e8f8dcfc5b6d641a6bc05d9,0,HuffPost,student-debt,1,Entirely factual,[],sKjVJzJgg3ASzPNpWe9UtV,The polls of the Democratic primaries show that Bernie Sanders is winning among young people by a large margin. Early polls for the presidential elections also indicate that Joe Biden will not do as well with this demographic group compared to previous candidates from his party.,0,right,neutral,0.63134277,neutral,0.5586187,Biased,0.9894787669181824,Biased,0.7750444412231445
Brooklyn measles outbreak: How a glossy booklet spread anti-vaccine messages in Orthodox Jewish communities,https://www.nbcnews.com/news/us-news/brooklyn-measles-outbreak-how-glossy-booklet-spread-anti-vaccine-messages-n993596,1,MSNBC,vaccines,1,Somewhat factual but also opinionated,"['glossy', 'spread']",axaPWQnJvo5HkgAbTYSgq4,Brooklyn measles outbreak: How an informational pamphlet spread misinformation about vaccines among members of the local orthodox community,1,left,negative,0.692233,negative,0.64202505,Biased,0.5417957305908203,Biased,0.5534607768058777
"To the extent the Times created space for explanations, it was for claims that the protests had begun peacefully.",http://feedproxy.google.com/~r/breitbart/~3/B0iqqthw_uw/,0,Breitbart,black lives matter,0,Somewhat factual but also opinionated,['claims'],Kk97NLCaEL3ueGLss362ow,The Times created space for explanations of how the protests began peacefully.,0,right,neutral,0.816301,neutral,0.7667382,Non-biased,0.6279349327087402,Non-biased,0.6932218074798584
"The whole endeavor, born of desperation, became an embarrassing fiasco for the president, but there was an underlying point of real significance: Trump and his allies realized that the American mainstream didn’t see the value of the regressive GOP tax plan, which disproportionately benefited the wealthy and big corporations.",http://www.msnbc.com/rachel-maddow-show/team-trump-claims-be-gearing-tax-cuts-20,1,MSNBC,middle-class,1,Somewhat factual but also opinionated,"['embarrassing', 'fiasco', 'desperation']",PCvQhRr9nHSSPQBqYm89r6,"The entire effort, borne out of a sense of urgency, turned into an unfortunate debacle for President Trump; however, it",1,left,negative,0.7729733,negative,0.7665934,Biased,0.993690013885498,Biased,0.6831591725349426
"If China’s actions in the coronavirus catastrophe offer any window into this communist regime’s machinations, deceitfulness, and debasement of human life, it is that the threat they represent is unlike anything America has faced.",https://thefederalist.com/2020/05/19/what-u-s-national-strategy-should-look-like-in-the-wake-of-coronavirus/,1,Federalist,coronavirus,0,Expresses writer’s opinion,"['deceitfulness', 'debasement', 'machinations', 'threat', 'of', 'human', 'life']",7ygdRqJi4yifEuGpvrjsFu,"The Chinese Communists' response to COVID-19 offers a glimpse at their true nature as an authoritarian government. Their lack of transparency, disregard for human rights, and willingness to sacrifice lives shows how dangerous they are",0,right,negative,0.8546708,negative,0.95861304,Biased,0.9901599287986755,Biased,0.9862826466560364
"While a number of transgender advocates and LGBTQ health experts applauded P&G’s decision to redesign the Always packaging by removing the female signs, the company’s announcement sparked criticism online, including a bounty of transphobic commentary.",https://www.nbcnews.com/feature/nbc-out/always-remove-female-symbol-sanitary-products-packaging-n1069721,1,MSNBC,gender,1,Entirely factual,[],vKuiaSmQ4ekb7RCKQSnZVP,"The recent change in design for feminine hygiene products has been met with both praise and criticism from various groups. While some see it as an important step forward towards inclusivity, others believe that",0,right,neutral,0.5385847,positive,0.6042923,Biased,0.9176867008209229,Biased,0.9763681888580322
"What we learn from those places is that people who know they don’t have police protection will seek protection from whomever wields power, which is why even now you see businessowners whose stores have been looted and burned out expressing supporter for BLM and the ongoing protests.",https://thefederalist.com/2020/06/05/abolish-the-police-is-a-slogan-for-the-destruction-of-america/,1,Federalist,elections-2020,0,Somewhat factual but also opinionated,[],9xBY95aPMjneKbSWXndcC9,"The lesson learned in these cities with high crime rates is that when citizens are not protected by law enforcement officers, they turn to other sources of security such as gang members or vigilantes. This",1,left,negative,0.6754512,negative,0.7490429,Non-biased,0.703802764415741,Non-biased,0.6545290350914001
"Malinowski, a Democrat representing New Jersey’s seventh congressional district, said in a call that he would threaten McConnell by withholding Lysol for his constituents.",https://www.breitbart.com/politics/2020/04/09/democrat-tom-malinowski-jokes-about-withholding-coronavirus-disinfectant-from-kentuckians/,0,Breitbart,coronavirus,0,Entirely factual,[],6LFADzDmwfh7MR3QHpTTWP,The Democratic representative from New Jersey's 7th Congressional District threatened Senate Majority Leader Mitch McConnell (R) of Kentucky on Wednesday morning during an online meeting about coronavirus relief legislation.,0,right,negative,0.6335215,neutral,0.5380072,Non-biased,0.85170578956604,Biased,0.9760101437568665
"The targeted killing is the latest demonstration of how, two decades after the CIA spotted but was unable to kill a man they believed was al Qaeda leader Osama bin Laden in Afghanistan, the U.S. has become adept at hunting and killing its enemies, particularly in the troubled regions of the Middle East, South Asia and Africa.",https://www.nbcnews.com/news/mideast/airport-informants-overhead-drones-how-u-s-killed-soleimani-n1113726?cid=public-rss_20200114,1,MSNBC,international-politics-and-world-news,1,Somewhat factual but also opinionated,"['hunting', 'killing']",ZBDfsicZ5dpXRZXcYVqJcL,"Targeted killing is the latest example of how, over 20 years since the CIA first identified an individual as Al-Qaida",1,left,negative,0.7567481,negative,0.769928,Biased,0.9724595546722412,Non-biased,0.9314396381378174
Joe Biden told Wall Street donors to his campaign that he planned to reverse most of President Donald Trump’s tax cuts.,http://feedproxy.google.com/~r/breitbart/~3/8NXVl-jH8o8/,0,Breitbart,taxes,0,Entirely factual,[],m3pqApLpWp89XqQydEU6Tj,Joe Biden told Wall Street donors to his campaign that he intended to undo many of President Donald Trump's tax cuts.,0,right,neutral,0.75389457,neutral,0.6976469,Biased,0.5133656859397888,Non-biased,0.67037034034729
"It’s Dr. Martin Luther King, Jr. Day, and for several hours now countless mostly white, mostly male pro-gun, anti-gun control activists have been marching throughout the streets of Richmond, Virginia, claiming to merely be exercising their Second Amendment rights. ",https://www.alternet.org/2020/01/virginia-gun-rally-sparks-questions-of-racism-and-privilege-can-you-imagine-a-group-of-black-men-walking-around-with-masks-and-guns/#.XiYfKQuWzhU.twitter,1,Alternet,gun control,1,Somewhat factual but also opinionated,['claiming'],sLzFFRVxGdQNWZkqzkUytk,"It is a holiday in honor of Dr. Martin Luther King, Jr., but many people are using it as an opportunity to protest gun laws by walking through city streets with guns.",0,right,neutral,0.6126556,neutral,0.50713557,Biased,0.87347412109375,Non-biased,0.6008073687553406
"This is all great news. It now looks like we have a safe, highly effective vaccine that has the potential to significantly reduce many forms of cancer. So why is it also becoming a key target of many anti-vaxxers?",https://www.nbcnews.com/think/opinion/hpv-vaccine-trial-anti-vaxxers-mobilize-against-effective-cancer-prevention-ncna1033161,1,MSNBC,vaccines,1,Somewhat factual but also opinionated,"['anti-vaxxers', 'great']",35tQF5XDcsBkAbcudRRg2y,"This is all good news. There are several reasons for this. Firstly, there's no reason not to get vaccinated against COVID-19 as it can save lives. Secondly, if you do contract COVID-19 then your chances of developing",0,right,positive,0.8524184,positive,0.8753836,Biased,0.991600513458252,Non-biased,0.607410728931427
"Merril Hoge, one of the most outspoken critics against the alarm surrounding CTE studies, also underscored that, from his lens, demonizing sports like football does more harm to American children than good.",https://www.foxnews.com/health/hype-or-horror-the-risk-of-cte-brain-disease-divides-football-and-medical-communities?utm_source=feedburner&utm_medium=feed&utm_campaign=Feed%3A%20foxnews%2Fhealth%20%28Internal%20-%20Health%20-%20Text%29,0,Fox News,sport,0,Entirely factual,[],x4DWeNsetiScac2FLhg3eY,The former NFL player Merrill Hoge has criticized those who are concerned about concussions in professional athletes as being overly cautious when it comes to their own health. He believes that playing contact sports is a necessary part of growing up for young people because they teach,0,right,negative,0.8808591,neutral,0.6297136,Biased,0.7788211107254028,Non-biased,0.6653918027877808
"Spanish football was marred by a player being racially abused during a league game on Saturday, along with street clashes between rival fans outside stadiums before two matches.",https://www.foxnews.com/sports/spanish-league-president-condemns-racism-fan-street-clashes,0,Fox News,sport,0,Somewhat factual but also opinionated,[],EhH4tUNq9QfgHYBYxvvkDz,Football in Spain has been marred by racist incidents at games as well as violence among supporters prior to matches.,2,center,negative,0.89702076,negative,0.93434113,Non-biased,0.6227229237556458,Biased,0.5208813548088074
"When he finally spoke in the Rose Garden on Monday, Trump threatened to deploy the military against American citizens if the governors didn’t take his advice for a more forceful crackdown. This threat didn’t appear to cow anyone, and only increased the anger. ",https://www.alternet.org/2020/06/trump-thought-a-violent-crackdown-would-be-a-big-win-but-the-protesters-have-the-upper-hand/,1,Alternet,trump-presidency,1,Somewhat factual but also opinionated,"['threatened', 'threat', 'cow']",9YidYfbKtTjMD6FdSbJeP4,President Donald Trump threatened to use the U.S. Military to enforce social distancing guidelines from state leaders who were not taking his advice. His threats did not deter people or increase their support of him.,1,left,negative,0.82178503,negative,0.6908823,Non-biased,0.53542160987854,Biased,0.9285854697227478
Michael Kranish of the Washington Post also published a lengthy article detailing Bloomberg’s verbal diarrhea when it came to expressing his uglier views on women. ,https://www.alternet.org/2020/02/if-democrats-nominate-mike-bloomberg-we-deserve-4-more-years-of-trump/,1,Alternet,black lives matter,1,No agreement,"['uglier', 'verbal', 'diarrhea']",mWhnTuGiAbDzTDouFFq7hL,The Washington Post's Michael Kranish also wrote an extensive article about how former New York City Mayor Mike Bloomberg expressed negative sentiments toward women in private conversations with others.,0,right,negative,0.6062361,neutral,0.51206183,Biased,0.7232074737548828,Non-biased,0.5736339092254639
"Top Democrat and GOP members of the House Armed Services Committee ducked and dodged when a Pentagon official said the sex of transgender soldiers is decided by their biology, not by their claimed “gender identity.”",,1,Breitbart,gender,0,Somewhat factual but also opinionated,"['ducked', 'dodged', 'claimed']",AArZtYRHPq62Mac2VquxAf,The top Democrats and Republicans on the U.S. Congress’s armed services committee avoided answering questions about whether they believed that gender was determined by one's genitalia or self-identification.,2,center,negative,0.65576583,neutral,0.53315634,Non-biased,0.7406284213066101,Biased,0.9880133867263794
Inside Trump’s brazen plot to gut Social Security,https://feeds.feedblitz.com/~/623767634/0/alternet_all~Inside-Trump%e2%80%99s-brazen-plot-to-gut-Social-Security/,1,Alternet,taxes,1,Expresses writer’s opinion,['brazen'],KaFmdkiAwGZMvyL3XkFVmy,Trump's plan would cut benefits for millions of retirees by reducing cost-of-living adjustments (COLAs) in an effort to balance the federal budget.,2,center,negative,0.5406297,neutral,0.6519133,Biased,0.9763042330741882,Non-biased,0.776155948638916
Abortion rights advocates worry this could make it more difficult for women to get access to abortion through the courts or that it could lead to criminalizing contraception or in-vitro fertilization.,https://www.msn.com/en-us/news/politics/voters-in-two-states-approved-abortion-restrictions-on-tuesday/ar-BBPqVQk,0,MSNBC,abortion,1,Entirely factual,[],utkx5TV2RD59sPBGLiLWRQ,Women's health groups are concerned about a Supreme Court decision which may limit their ability to obtain an abortion by court order or make them criminally liable if they use birth control methods such as IUDs (intrauterine devices).,2,center,negative,0.8358721,negative,0.77951896,Non-biased,0.8376869559288025,Non-biased,0.8336381316184998
"So it appears McCabe is allowed to lie to federal investigators about corruption affecting the U.S. government, cover it up with more lies, and get off scot-free even though what he did is a crime, while Stone faces years in prison for lying about gossip that affected nothing of public importance.",https://thefederalist.com/2020/02/17/doj-furor-latest-attempt-to-help-democrats-hide-spygate-undermine-elections/,1,Federalist,elections-2020,0,Expresses writer’s opinion,[],VtemDWTRoyLETe3QqgJKU8,The former FBI deputy director was cleared by an internal investigation after being accused of leaking information to reporters during his tenure at the agency.,2,center,negative,0.79156804,neutral,0.7711944,Biased,0.9895646572113037,Non-biased,0.6440085172653198
"It’s also hard to imagine many people emulating the strategically directed, war-painted looters in the Boston Tea Party of 1773 now by breaking into headquarters or warehouses of big pharma conglomerates such as Pfizer, Inc. and dumping their over-priced, corruptly protected  products into rivers. ",https://www.alternet.org/2020/06/the-die-is-cast-can-the-republic-be-saved/,1,Alternet,black lives matter,1,Expresses writer’s opinion,"['war-painted', 'looters', 'corruptly']",nMAgMUGpLFkfjqRiwBTyQ3,The Boston tea party was a protest against high taxes on imported goods imposed by Britain during the American Revolutionary War. It,2,center,negative,0.8491955,neutral,0.5755581,Biased,0.9889888167381287,Biased,0.7804085612297058
A bill proposed by a group of Republican lawmakers on Wednesday that would have amended the Iowa Civil Rights Act by removing protections against discrimination for transgender people is dead,https://www.nbcnews.com/feature/nbc-out/iowa-republicans-try-ax-transgender-protections-state-law-n1126426?cid=public-rss_20200130,0,MSNBC,gender,1,Entirely factual,[],VNupcKQbAVnAQXiG25r8AR,The proposal was withdrawn after it received criticism from LGBTQ+ advocates,0,right,negative,0.6997273,negative,0.5846736,Non-biased,0.7636706233024597,Non-biased,0.9153509140014648
"By threatening the kids and their families with deportation, the administration’s U.S. Citizenship and Immigration Services was effectively delivering death sentences.",http://www.msnbc.com/rachel-maddow-show/trump-admin-backs-plan-deport-critically-ill-children,1,MSNBC,immigration,1,No agreement,"['threatening', 'death', 'sentences']",PZbdnhRBxPoFiaQ235eLcL,The administration's USCIS threatened children and their families by sending them notices of removal from the country. This action could result in a death sentence for those who are removed without proper medical care or food.,1,left,negative,0.9047671,negative,0.9503037,Biased,0.9953238368034363,Non-biased,0.9637772440910339
"In truth, these examples are caricatures of Epicureanism. Epicureanism is not hedonism; rather, it abhors lack of restraint and shameless debauchery. After all, these things bring more pain than pleasure.",https://thefederalist.com/2020/06/01/coronavirus-friendship-collapse-shows-why-we-need-christian-epicureanism/,1,Federalist,coronavirus,0,Expresses writer’s opinion,"['abhors', 'shameless', 'debauchery']",ai9g8F2AEdweyaqTXSVA6Y,"Truthfully, these examples do not represent true Epicurianism. Rather, they portray a false image of Epicurians who promote excessive indulgence in sensual pleasures without self control or shame. In",0,right,negative,0.842798,negative,0.8930604,Biased,0.9928151369094849,Biased,0.9867879152297974
Here's why the tormented conservative mind is so drawn to the dangerous allure of miracle drugs,https://www.alternet.org/2020/04/heres-why-the-tormented-conservative-mind-is-so-drawn-to-the-dangerous-allure-of-miracle-drugs/,1,Alternet,universal health care,1,Expresses writer’s opinion,"['tormented', 'dangerous', 'allure']",L7MTXY2wZCXZEf4E6H5J2E,The tormented minds are drawn to the dangerous allures of miraculous medications,1,left,negative,0.89646095,negative,0.7125555,Biased,0.9749222993850708,Biased,0.9882914423942566
"Trump is nothing if not a public relations savant. Once the dust settles, if he cannot take credit for restoring order, he’ll do his best to deflect and lay the blame at someone else’s feet. He’ll remind his followers what the other side thinks of them, how they desecrated our American values, and what will happen to them if Joe Biden becomes the apologizer-in-chief.",https://thefederalist.com/2020/06/05/end-trump-presidency-not-a-chance/,1,Federalist,trump-presidency,0,Expresses writer’s opinion,"['savant', 'apologizer-in-chief']",4LDs7h6VQVi33VuxXrhmhC,Trump has been known as an expert in PR,1,left,negative,0.7705817,neutral,0.7970488,Biased,0.9953534603118896,Non-biased,0.9162163734436035
